{"totalRequests":22,"totalSlices":7728,"commonMeasurements":[["total",{"min":146659451,"max":18248131235,"median":337906912,"mean":1668844119.9545455,"std":4398437301.869367,"total":36714570639}],["initialize R session",{"min":3887945,"max":5894611,"median":4298170,"mean":4428806.636363637,"std":521039.5061736547,"total":97433746}],["retrieve AST from R code",{"min":128145606,"max":603233735,"median":167155926,"mean":207897891.36363637,"std":115439667.97815418,"total":4573753610}],["normalize R AST",{"min":4116341,"max":200709516,"median":12399037,"mean":27153342.227272727,"std":47357455.35611181,"total":597373529}],["produce dataflow information",{"min":3815190,"max":875376131,"median":17449700,"mean":66064164.5,"std":183650079.0906867,"total":1453411619}],["close R session",{"min":230702,"max":442979,"median":328978,"mean":337284.4090909091,"std":58273.29611616058,"total":7420257}]],"perSliceMeasurements":[["total",{"min":226280,"max":20924993,"median":1583536.4090909092,"mean":1854246.9066398859,"std":1379680.551805969,"total":29376232262}],["static slicing",{"min":174409,"max":16009783,"median":963184.5454545454,"mean":1272041.5176371483,"std":1293454.25505818,"total":5627912003}],["reconstruct code",{"min":31581,"max":14697806,"median":520575.63636363635,"mean":569607.6271248629,"std":318170.1250322827,"total":23708373310}]],"failedToRepParse":0,"timesHitThreshold":0,"reduction":{"numberOfDataflowNodes":{"min":0.2222222222222222,"max":1,"median":0.9071121855212764,"mean":0.8985741741957547,"std":0.10547881878160854,"total":7695.882067396017},"numberOfLines":{"min":0.0714285714285714,"max":0.9994952044422009,"median":0.7976005845084893,"mean":0.7779905593924468,"std":0.1187167277082798,"total":7591.08035957806},"numberOfCharacters":{"min":-0.045454545454545414,"max":0.999604743083004,"median":0.7489176868671223,"mean":0.7329390759026896,"std":0.1494698363920617,"total":7555.07235334096},"numberOfNonWhitespaceCharacters":{"min":0,"max":0.9995873128168848,"median":0.7471534696561407,"mean":0.7274873748800236,"std":0.14641335115598275,"total":7519.522157638117},"numberOfLinesNoAutoSelection":{"min":0.11111111111111116,"max":0.9994952044422009,"median":0.8716423963551793,"mean":0.8520323712391367,"std":0.1187167277082798,"total":7629.752833445656},"numberOfNormalizedTokens":{"min":0,"max":0.9995720277326029,"median":0.7429081531863152,"mean":0.7209834969577295,"std":0.13987450018862865,"total":7559.217948255178},"numberOfRTokens":{"min":0,"max":0.9995804195804195,"median":0.7448201897314086,"mean":0.7270442187172284,"std":0.14707684357055145,"total":7561.002242721028}},"input":{"numberOfLines":{"min":4,"max":2355,"median":108,"mean":281.1818181818182,"std":605.6172385834319,"total":6186},"numberOfCharacters":{"min":23,"max":32626,"median":1166,"mean":3369.5,"std":7886.83491505133,"total":74129},"numberOfNonWhitespaceCharacters":{"min":16,"max":17754,"median":771,"mean":2171.409090909091,"std":4851.844922380191,"total":47771},"numberOfRTokens":{"min":19,"max":21692,"median":975,"mean":2586.4545454545455,"std":6038.109214339992,"total":56902},"numberOfNormalizedTokens":{"min":11,"max":11947,"median":485,"mean":1407.1363636363637,"std":3310.6225491926953,"total":30957}},"dataflow":{"numberOfNodes":{"min":4,"max":8228,"median":176,"mean":737.0454545454545,"std":1830.1355259620611,"total":16215},"numberOfFunctionDefinitions":{"min":0,"max":154,"median":0,"mean":10.454545454545455,"std":32.880952309709464,"total":230},"numberOfCalls":{"min":1,"max":1276,"median":22,"mean":100.36363636363636,"std":263.9005572791225,"total":2208},"numberOfEdges":{"min":4,"max":88198,"median":588,"mean":5172.181818181818,"std":18343.763271666532,"total":113788}}}