{"totalRequests":22,"totalSlices":7728,"commonMeasurements":[["total",{"min":775479151,"max":30821222122,"median":973824397,"mean":2982442993.318182,"std":6822903619.452406,"total":65613745853}],["initialize R session",{"min":3164847,"max":6542896,"median":4397971,"mean":4562245.2272727275,"std":969517.5369069322,"total":100369395}],["retrieve AST from R code",{"min":5938672,"max":357738665,"median":21455052,"mean":45715900.90909091,"std":89741361.31185085,"total":1005749820}],["normalize R AST",{"min":2534816,"max":158465307,"median":8682509,"mean":21150065.818181816,"std":41794009.64992134,"total":465301448}],["produce dataflow information",{"min":2609826,"max":219513701,"median":15837263,"mean":30347255.363636363,"std":58827063.82372086,"total":667639618}],["close R session",{"min":253335,"max":503284,"median":338746,"mean":342911.9090909091,"std":61787.974155692,"total":7544062}]],"perSliceMeasurements":[["total",{"min":409769,"max":20854265,"median":2464025.090909091,"mean":2631914.7189235194,"std":1435727.7888261022,"total":46086984124}],["static slicing",{"min":354996,"max":12738198,"median":1731111.0909090908,"mean":1934973.9688002742,"std":1296199.4179589683,"total":12119526920}],["reconstruct code",{"min":35026,"max":13036898,"median":680780.8636363636,"mean":685327.6559261054,"std":444977.135382771,"total":33932686651}]],"failedToRepParse":0,"timesHitThreshold":0,"reduction":{"numberOfDataflowNodes":{"min":0.6666666666666667,"max":1,"median":0.9598505194923104,"mean":0.9504085313600452,"std":0.052085614458608834,"total":7713.374544477925},"numberOfLines":{"min":0.0714285714285714,"max":0.9994952044422009,"median":0.8046368403382566,"mean":0.7756647911460675,"std":0.11682078243223445,"total":7589.9227786064075},"numberOfCharacters":{"min":0.007299270072992692,"max":0.9994290733421168,"median":0.7604273720854852,"mean":0.7378111753430313,"std":0.1342139236434048,"total":7555.91972871777},"numberOfNonWhitespaceCharacters":{"min":0,"max":0.9993514915693904,"median":0.7579327317198866,"mean":0.7322725311969026,"std":0.13448922824748918,"total":7520.154718902815},"numberOfLinesNoAutoSelection":{"min":0.11111111111111116,"max":0.9994952044422009,"median":0.8786786521849467,"mean":0.8497066029927574,"std":0.11682078243223445,"total":7628.595252474002},"numberOfNormalizedTokens":{"min":0,"max":0.9995720277326029,"median":0.7515119744836543,"mean":0.7264368085239542,"std":0.12550384191046657,"total":7560.989870712596},"numberOfRTokens":{"min":0,"max":0.9995804195804195,"median":0.754537685324146,"mean":0.7325806330079847,"std":0.13187346887758558,"total":7562.531359881052}},"input":{"numberOfLines":{"min":4,"max":2355,"median":108,"mean":281.1818181818182,"std":605.6172385834319,"total":6186},"numberOfCharacters":{"min":23,"max":32626,"median":1166,"mean":3369.5,"std":7886.83491505133,"total":74129},"numberOfNonWhitespaceCharacters":{"min":16,"max":17754,"median":771,"mean":2171.409090909091,"std":4851.844922380191,"total":47771},"numberOfRTokens":{"min":19,"max":21692,"median":975,"mean":2586.4545454545455,"std":6038.109214339992,"total":56902},"numberOfNormalizedTokens":{"min":11,"max":11947,"median":485,"mean":1407.1363636363637,"std":3310.6225491926953,"total":30957}},"dataflow":{"numberOfNodes":{"min":7,"max":13508,"median":374,"mean":1361.1818181818182,"std":3361.4928993524136,"total":29946},"numberOfFunctionDefinitions":{"min":0,"max":154,"median":0,"mean":10.454545454545455,"std":32.880952309709464,"total":230},"numberOfCalls":{"min":2,"max":3894,"median":87,"mean":338.72727272727275,"std":868.4511909568552,"total":7452},"numberOfEdges":{"min":9,"max":21506,"median":855,"mean":2436.4545454545455,"std":5705.988207992728,"total":53602}}}