{"totalRequests":22,"totalSlices":7728,"commonMeasurements":[["total",{"min":172608664,"max":24112079459,"median":397379608,"mean":2074003822.6818182,"std":5634454667.874569,"total":45628084099}],["initialize R session",{"min":3675903,"max":5406540,"median":4277273,"mean":4304445.090909091,"std":483584.2565416092,"total":94697792}],["retrieve AST from R code",{"min":154403892,"max":2747187416,"median":250524373,"mean":451900873.8181818,"std":699315714.2132672,"total":9941819224}],["normalize R AST",{"min":4259799,"max":190690356,"median":14129750,"mean":27960617.954545453,"std":51206518.33689826,"total":615133595}],["produce dataflow information",{"min":3742136,"max":775849768,"median":15678095,"mean":61039592,"std":165440616.95302677,"total":1342871024}],["run abstract interpretation",{"min":18088,"max":52775,"median":31162,"mean":30002.454545454544,"std":9452.96498809319,"total":660054}],["close R session",{"min":226060,"max":469708,"median":296458,"mean":311213.2727272727,"std":64665.58240895427,"total":6846692}]],"perSliceMeasurements":[["total",{"min":216234,"max":30877086,"median":1410814.1363636365,"mean":1662405.5366019094,"std":1262627.0579257354,"total":33075758285}],["static slicing",{"min":168436,"max":24653955,"median":812829.3636363636,"mean":1110916.1464436366,"std":1164504.4809004192,"total":7978539594}],["reconstruct code",{"min":31748,"max":9075596,"median":488051.1818181818,"mean":541660.8824815496,"std":339859.10050057183,"total":25059345812}]],"failedToRepParse":0,"timesHitThreshold":0,"reduction":{"numberOfDataflowNodes":{"min":0.2222222222222222,"max":1,"median":0.9071121855212764,"mean":0.8985741741957547,"std":0.10547881878160854,"total":7695.882067396017},"numberOfLines":{"min":0.0714285714285714,"max":0.9994952044422009,"median":0.7976005845084893,"mean":0.7779905593924468,"std":0.1187167277082798,"total":7591.08035957806},"numberOfCharacters":{"min":-0.045454545454545414,"max":0.999604743083004,"median":0.7489176868671223,"mean":0.7329390759026896,"std":0.1494698363920617,"total":7555.07235334096},"numberOfNonWhitespaceCharacters":{"min":0,"max":0.9995873128168848,"median":0.7471534696561407,"mean":0.7274873748800236,"std":0.14641335115598275,"total":7519.522157638117},"numberOfLinesNoAutoSelection":{"min":0.11111111111111116,"max":0.9994952044422009,"median":0.8716423963551793,"mean":0.8520323712391367,"std":0.1187167277082798,"total":7629.752833445656},"numberOfNormalizedTokens":{"min":0,"max":0.9995720277326029,"median":0.7429081531863152,"mean":0.7209834969577295,"std":0.13987450018862865,"total":7559.217948255178},"numberOfRTokens":{"min":0,"max":0.9995804195804195,"median":0.7448201897314086,"mean":0.7270442187172284,"std":0.14707684357055145,"total":7561.002242721028}},"input":{"numberOfLines":{"min":4,"max":2355,"median":108,"mean":281.1818181818182,"std":605.6172385834319,"total":6186},"numberOfCharacters":{"min":23,"max":32626,"median":1166,"mean":3369.5,"std":7886.83491505133,"total":74129},"numberOfNonWhitespaceCharacters":{"min":16,"max":17754,"median":771,"mean":2171.409090909091,"std":4851.844922380191,"total":47771},"numberOfRTokens":{"min":19,"max":21692,"median":975,"mean":2586.4545454545455,"std":6038.109214339992,"total":56902},"numberOfNormalizedTokens":{"min":11,"max":11947,"median":485,"mean":1407.1363636363637,"std":3310.6225491926953,"total":30957}},"dataflow":{"numberOfNodes":{"min":4,"max":8228,"median":176,"mean":737.0454545454545,"std":1830.1355259620611,"total":16215},"numberOfFunctionDefinitions":{"min":0,"max":154,"median":0,"mean":10.454545454545455,"std":32.880952309709464,"total":230},"numberOfCalls":{"min":1,"max":1276,"median":22,"mean":100.36363636363636,"std":263.9005572791225,"total":2208},"numberOfEdges":{"min":4,"max":88198,"median":588,"mean":5172.181818181818,"std":18343.763271666532,"total":113788}}}