{"totalRequests":22,"totalSlices":7728,"commonMeasurements":[["total",{"min":137108280,"max":20874234215,"median":298963007,"mean":1611938958.5454545,"std":4593103091.185135,"total":35462657088}],["initialize R session",{"min":3534753,"max":5227001,"median":3847879,"mean":4088994.6363636362,"std":500123.6253816328,"total":89957882}],["retrieve AST from R code",{"min":112257923,"max":449363095,"median":137679170,"mean":165351632.6818182,"std":90983855.81809945,"total":3637735919}],["normalize R AST",{"min":6603255,"max":236711652,"median":31828142,"mean":43563373.90909091,"std":62927300.11520062,"total":958394226}],["produce dataflow information",{"min":3222615,"max":617410038,"median":15197931,"mean":53716645.68181818,"std":135570157.72875702,"total":1181766205}],["run abstract interpretation",{"min":16691,"max":51172,"median":27292,"mean":30143.68181818182,"std":10483.509064614349,"total":663161}],["close R session",{"min":222912,"max":472982,"median":284989,"mean":315007.54545454547,"std":71062.09611557235,"total":6930166}]],"perSliceMeasurements":[["total",{"min":222863,"max":18755719,"median":1335519.8181818181,"mean":1583066.2852631016,"std":1209047.8111835227,"total":29068564549}],["static slicing",{"min":172827,"max":13521966,"median":777195.1818181818,"mean":1067877.7442133268,"std":1132668.660553989,"total":5424906536}],["reconstruct code",{"min":32033,"max":8672478,"median":464150.8181818182,"mean":504425.0588874889,"std":259293.64341941854,"total":23608750894}]],"failedToRepParse":0,"timesHitThreshold":0,"reduction":{"numberOfDataflowNodes":{"min":0.2222222222222222,"max":1,"median":0.9071121855212764,"mean":0.8985741741957547,"std":0.10547881878160854,"total":7695.882067396017},"numberOfLines":{"min":0.0714285714285714,"max":0.9994952044422009,"median":0.7976005845084893,"mean":0.7779905593924468,"std":0.1187167277082798,"total":7591.08035957806},"numberOfCharacters":{"min":-0.045454545454545414,"max":0.999604743083004,"median":0.7489176868671223,"mean":0.7329390759026896,"std":0.1494698363920617,"total":7555.07235334096},"numberOfNonWhitespaceCharacters":{"min":0,"max":0.9995873128168848,"median":0.7471534696561407,"mean":0.7274873748800236,"std":0.14641335115598275,"total":7519.522157638117},"numberOfLinesNoAutoSelection":{"min":0.11111111111111116,"max":0.9994952044422009,"median":0.8716423963551793,"mean":0.8520323712391367,"std":0.1187167277082798,"total":7629.752833445656},"numberOfNormalizedTokens":{"min":0,"max":0.9995720277326029,"median":0.7429081531863152,"mean":0.7209834969577295,"std":0.13987450018862865,"total":7559.217948255178},"numberOfRTokens":{"min":0,"max":0.9995804195804195,"median":0.7448201897314086,"mean":0.7270442187172284,"std":0.14707684357055145,"total":7561.002242721028}},"input":{"numberOfLines":{"min":4,"max":2355,"median":108,"mean":281.1818181818182,"std":605.6172385834319,"total":6186},"numberOfCharacters":{"min":23,"max":32626,"median":1166,"mean":3369.5,"std":7886.83491505133,"total":74129},"numberOfNonWhitespaceCharacters":{"min":16,"max":17754,"median":771,"mean":2171.409090909091,"std":4851.844922380191,"total":47771},"numberOfRTokens":{"min":19,"max":21692,"median":975,"mean":2586.4545454545455,"std":6038.109214339992,"total":56902},"numberOfNormalizedTokens":{"min":11,"max":11947,"median":485,"mean":1407.1363636363637,"std":3310.6225491926953,"total":30957}},"dataflow":{"numberOfNodes":{"min":4,"max":8228,"median":176,"mean":737.0454545454545,"std":1830.1355259620611,"total":16215},"numberOfFunctionDefinitions":{"min":0,"max":154,"median":0,"mean":10.454545454545455,"std":32.880952309709464,"total":230},"numberOfCalls":{"min":1,"max":1276,"median":22,"mean":100.36363636363636,"std":263.9005572791225,"total":2208},"numberOfEdges":{"min":4,"max":88198,"median":588,"mean":5172.181818181818,"std":18343.763271666532,"total":113788}}}