{"totalRequests":22,"totalSlices":7728,"commonMeasurements":[["total",{"min":141308173,"max":24130558261,"median":305948711,"mean":1862793555.7272727,"std":5318367625.369901,"total":40981458226}],["initialize R session",{"min":3823545,"max":5594373,"median":4182428,"mean":4328295.409090909,"std":492879.7015612024,"total":95222499}],["retrieve AST from R code",{"min":125715519,"max":587729986,"median":155680237,"mean":197945104.0909091,"std":118462532.81378803,"total":4354792290}],["normalize R AST",{"min":3423380,"max":193000891,"median":13210129,"mean":25803616.5,"std":46899213.638628475,"total":567679563}],["produce dataflow information",{"min":3226605,"max":729369758,"median":17122479,"mean":61198083.59090909,"std":155864085.21086362,"total":1346357839}],["run abstract interpretation",{"min":18412,"max":58151,"median":34461,"mean":34463.13636363636,"std":12664.043276843639,"total":758189}],["close R session",{"min":229047,"max":516864,"median":302606,"mean":322486.8181818182,"std":71891.84588775532,"total":7094710}]],"perSliceMeasurements":[["total",{"min":235521,"max":18960018,"median":1478925.0909090908,"mean":1720257.0779838392,"std":1213265.4327012624,"total":33657432304}],["static slicing",{"min":177113,"max":14283702,"median":904169.5,"mean":1127573.0686470238,"std":1043001.868457347,"total":6199542243}],["reconstruct code",{"min":31560,"max":10760135,"median":512019.63636363635,"mean":581852.8496580281,"std":444493.2073932855,"total":27416906232}]],"failedToRepParse":0,"timesHitThreshold":0,"reduction":{"numberOfDataflowNodes":{"min":0.2222222222222222,"max":1,"median":0.9071121855212764,"mean":0.8985741741957547,"std":0.10547881878160854,"total":7695.882067396017},"numberOfLines":{"min":0.0714285714285714,"max":0.9994952044422009,"median":0.7976005845084893,"mean":0.7779905593924468,"std":0.1187167277082798,"total":7591.08035957806},"numberOfCharacters":{"min":-0.045454545454545414,"max":0.999604743083004,"median":0.7489176868671223,"mean":0.7329390759026896,"std":0.1494698363920617,"total":7555.07235334096},"numberOfNonWhitespaceCharacters":{"min":0,"max":0.9995873128168848,"median":0.7471534696561407,"mean":0.7274873748800236,"std":0.14641335115598275,"total":7519.522157638117},"numberOfLinesNoAutoSelection":{"min":0.11111111111111116,"max":0.9994952044422009,"median":0.8716423963551793,"mean":0.8520323712391367,"std":0.1187167277082798,"total":7629.752833445656},"numberOfNormalizedTokens":{"min":0,"max":0.9995720277326029,"median":0.7429081531863152,"mean":0.7209834969577295,"std":0.13987450018862865,"total":7559.217948255178},"numberOfRTokens":{"min":0,"max":0.9995804195804195,"median":0.7448201897314086,"mean":0.7270442187172284,"std":0.14707684357055145,"total":7561.002242721028}},"input":{"numberOfLines":{"min":4,"max":2355,"median":108,"mean":281.1818181818182,"std":605.6172385834319,"total":6186},"numberOfCharacters":{"min":23,"max":32626,"median":1166,"mean":3369.5,"std":7886.83491505133,"total":74129},"numberOfNonWhitespaceCharacters":{"min":16,"max":17754,"median":771,"mean":2171.409090909091,"std":4851.844922380191,"total":47771},"numberOfRTokens":{"min":19,"max":21692,"median":975,"mean":2586.4545454545455,"std":6038.109214339992,"total":56902},"numberOfNormalizedTokens":{"min":11,"max":11947,"median":485,"mean":1407.1363636363637,"std":3310.6225491926953,"total":30957}},"dataflow":{"numberOfNodes":{"min":4,"max":8228,"median":176,"mean":737.0454545454545,"std":1830.1355259620611,"total":16215},"numberOfFunctionDefinitions":{"min":0,"max":154,"median":0,"mean":10.454545454545455,"std":32.880952309709464,"total":230},"numberOfCalls":{"min":1,"max":1276,"median":22,"mean":100.36363636363636,"std":263.9005572791225,"total":2208},"numberOfEdges":{"min":4,"max":88198,"median":588,"mean":5172.181818181818,"std":18343.763271666532,"total":113788}}}